{
  "train_loss": [
    4.241508003543405,
    2.882969680954428,
    2.0390726573327007,
    1.5525197176372303,
    1.296521947664373,
    1.1742855415624731,
    1.1297445700449102,
    1.116654773845392,
    1.1151233832625782,
    1.1235424516832127,
    1.1366491729722303,
    1.1333926504149157,
    1.1451394706964493,
    1.1715465345803429,
    1.1618747518343084,
    1.1529818194753982,
    1.1464106081163181,
    1.155924198382041,
    1.122069263282944,
    1.0987674138125252,
    0.9117792327614391,
    0.7888335953740513,
    0.772625200012151,
    0.8231195518199135,
    0.8166033739552778,
    0.781982784762102,
    0.7519663221695844,
    0.7128278157290291,
    0.6859549283981323,
    0.663323015851133,
    0.641532178310787,
    0.6265745189260034,
    0.6181756757638034,
    0.6028796346748576,
    0.594585029517903
  ],
  "train_acc": [
    17.578125,
    48.552389705882355,
    67.78492647058823,
    76.70036764705883,
    81.73253676470588,
    82.78952205882354,
    83.43290441176471,
    83.18014705882354,
    83.15716911764706,
    83.84650735294117,
    82.28400735294117,
    82.53676470588235,
    82.21507352941177,
    82.12316176470588,
    82.421875,
    82.32996323529412,
    82.58272058823529,
    82.67463235294117,
    83.984375,
    84.4439338235294,
    90.14246323529412,
    94.6001838235294,
    95.10569852941177,
    93.10661764705883,
    93.52022058823529,
    93.79595588235294,
    95.17463235294117,
    96.46139705882354,
    96.9439338235294,
    97.77113970588235,
    98.16176470588235,
    98.59834558823529,
    98.7591911764706,
    98.98897058823529,
    99.31066176470588
  ],
  "val_loss": [
    2.9959956066949025,
    2.0482324276651656,
    1.5360631857599532,
    1.3647811540535517,
    1.2081901218209947,
    1.2798609733581543,
    1.2864201154027666,
    1.309910101549966,
    1.308984181710652,
    1.397441872528621,
    1.5024028675896781,
    1.3685107614312852,
    1.4713631612913949,
    1.490978513445173,
    1.703782115663801,
    41.338669776916504,
    1.5246302570615495,
    1.5565756899969918,
    1.615567215851375,
    1.56358574117933,
    1.2411094180175237,
    1.0819967431681496,
    1.2069791299956185,
    1.2171429608549391,
    1.2259628943034582,
    1.1963419914245605,
    1.1453379775796617,
    1.1111613767487662,
    1.0737819841929845,
    0.9917349687644413,
    0.983166788305555,
    0.9555805666106088,
    0.9424251105104174,
    0.9242707746369498,
    0.9282075422150748
  ],
  "val_acc": [
    45.276497695852534,
    67.97235023041475,
    74.30875576036867,
    76.49769585253456,
    80.52995391705069,
    77.64976958525345,
    76.38248847926268,
    75.46082949308756,
    76.49769585253456,
    75.11520737327189,
    73.04147465437788,
    76.036866359447,
    73.84792626728111,
    73.38709677419355,
    70.96774193548387,
    1.152073732718894,
    73.15668202764977,
    74.07834101382488,
    74.88479262672811,
    74.07834101382488,
    84.44700460829493,
    85.13824884792626,
    83.52534562211981,
    82.94930875576037,
    82.83410138248848,
    81.79723502304148,
    83.87096774193549,
    83.29493087557604,
    85.36866359447005,
    87.21198156682027,
    86.75115207373273,
    87.90322580645162,
    88.13364055299539,
    88.59447004608295,
    88.59447004608295
  ]
}