{
  "train_loss": [
    0.5509256426977296,
    0.4358759477225124,
    0.4102620274210588,
    0.3962887144751019,
    0.39121944145259696,
    0.386628744757583,
    0.3833480001005352,
    0.38436052604363513,
    0.38461330768644303,
    0.3828810964129929,
    0.3829136531577151,
    0.38326315499014324,
    0.3828594605637412,
    0.3816853162442517,
    0.37789321321452785,
    0.37992086210566706,
    0.3800455054793602,
    0.37628232980640525,
    0.37868372911316717,
    0.3730723249097156,
    0.37248135950320804,
    0.35520821669672287,
    0.3486873114593009,
    0.36041204191935367,
    0.3740596724116904,
    0.3752217759561335,
    0.3674088554759311,
    0.36140738930712396,
    0.35141506396297717,
    0.344580410191646,
    0.3382206450924914,
    0.3352274605606356,
    0.3326838752016043,
    0.32979333114165527,
    0.3302257750660945,
    0.32978549618751574
  ],
  "train_acc": [
    93.26589209401709,
    96.69137286324786,
    97.29901175213675,
    97.72636217948718,
    97.91666666666667,
    98.0869391025641,
    98.1670673076923,
    98.14035790598291,
    98.21380876068376,
    98.20045405982906,
    98.17374465811966,
    98.21714743589743,
    98.20379273504274,
    98.30061431623932,
    98.34735576923077,
    98.35069444444444,
    98.28058226495726,
    98.4775641025641,
    98.35069444444444,
    98.54099893162393,
    98.61444978632478,
    99.15865384615384,
    99.27216880341881,
    98.82144764957265,
    98.26055021367522,
    98.2338408119658,
    98.58774038461539,
    98.72462606837607,
    99.1519764957265,
    99.31891025641026,
    99.57932692307692,
    99.66613247863248,
    99.72288995726495,
    99.80635683760684,
    99.78632478632478,
    99.80969551282051
  ],
  "val_loss": [
    0.42073972430080175,
    0.42386205215007067,
    0.40021124202758074,
    0.4028359055519104,
    0.4016080219298601,
    0.37907293159514666,
    0.4122854135930538,
    0.41869441233575344,
    0.4130909899249673,
    0.4245074214413762,
    0.42345656640827656,
    0.41175901610404253,
    0.40743867866694927,
    0.4379124753177166,
    0.4264793088659644,
    0.42087406758219004,
    0.42434268444776535,
    0.4026310667395592,
    0.4285706393420696,
    0.4205603264272213,
    0.459193398244679,
    0.40050734765827656,
    0.42001758981496096,
    0.4426869284361601,
    0.4526128089055419,
    0.4463337268680334,
    0.45670616440474987,
    0.4686756245791912,
    0.4229224231094122,
    0.4242811994627118,
    0.4114377414807677,
    0.4050987297669053,
    0.39214126858860254,
    0.3945326041430235,
    0.3927500071004033,
    0.3898052033036947
  ],
  "val_acc": [
    96.6,
    96.6,
    97.05,
    97.2,
    97.15,
    98.0,
    96.95,
    96.55,
    96.75,
    96.5,
    96.8,
    96.95,
    97.3,
    96.4,
    96.6,
    96.7,
    96.6,
    97.2,
    96.5,
    96.5,
    95.45,
    97.35,
    96.85,
    96.05,
    95.35,
    95.85,
    95.75,
    95.2,
    96.4,
    96.8,
    97.0,
    97.05,
    97.35,
    97.6,
    97.4,
    97.5
  ]
}