{
  "train_loss": [
    4.252882978495429,
    2.8453051307622124,
    2.0140621066093445,
    1.5381404512068804,
    1.263750425156425,
    1.16528779092957,
    1.1174677242251003,
    1.0973547977559708,
    1.1117036403978573,
    1.1273716197294348,
    1.1151068578748142,
    1.1653181025210548,
    1.1533930433147095,
    1.1288184067782234,
    1.1762933371698154,
    1.1516799330711365,
    1.1342753066736109,
    1.1207616855116451,
    1.1491304969086367,
    0.9427003185538685,
    0.7745270264499328,
    0.7759000948246788,
    0.7687706316218657,
    0.80689356081626,
    0.7940823453314164,
    0.7610600783544428,
    0.7213040397447699,
    0.6835855105343986,
    0.660120914087576,
    0.6398109346628189,
    0.6133764947161955,
    0.6083447915666244,
    0.5978946142336902,
    0.6039850536514731
  ],
  "train_acc": [
    16.452205882352942,
    50.78125,
    68.88786764705883,
    77.64246323529412,
    82.58272058823529,
    83.29503676470588,
    83.45588235294117,
    83.57077205882354,
    83.70863970588235,
    83.54779411764706,
    83.70863970588235,
    81.640625,
    82.32996323529412,
    83.80055147058823,
    81.61764705882354,
    82.58272058823529,
    83.63970588235294,
    83.5248161764706,
    83.203125,
    89.40716911764706,
    95.17463235294117,
    94.71507352941177,
    94.78400735294117,
    93.359375,
    93.72702205882354,
    94.80698529411765,
    95.703125,
    97.01286764705883,
    97.67922794117646,
    98.34558823529412,
    98.69025735294117,
    99.08088235294117,
    99.21875,
    98.96599264705883
  ],
  "val_loss": [
    2.8447433028902327,
    1.940500489303044,
    1.5264776519366674,
    1.2027608369077956,
    1.2047831075532096,
    1.2668905513627189,
    1.3966582332338606,
    1.3642632790974207,
    1.4057751851422446,
    1.3665800179753984,
    1.6183227556092399,
    1.8326537013053894,
    1.7594160096985954,
    1.555033573082515,
    1.6029470477785384,
    1.5263261454445975,
    1.6052227190562658,
    1.8181199175970895,
    1.652131872517722,
    1.1396278653826033,
    1.041486267532621,
    1.0534047186374664,
    1.1068448764937264,
    1.1677515506744385,
    1.1288250046116965,
    1.0927171622003828,
    1.077009916305542,
    1.00744805591447,
    1.0086524273668016,
    0.9448777607509068,
    0.9129245706966945,
    0.9072064246450152,
    0.9048687602792468,
    0.9019732560430255
  ],
  "val_acc": [
    50.92165898617512,
    68.77880184331798,
    76.49769585253456,
    82.83410138248848,
    82.14285714285714,
    78.2258064516129,
    73.73271889400921,
    75.80645161290323,
    73.50230414746544,
    75.34562211981567,
    70.04608294930875,
    66.01382488479263,
    68.20276497695852,
    73.04147465437788,
    72.35023041474655,
    76.84331797235023,
    74.53917050691244,
    68.31797235023042,
    70.27649769585254,
    85.59907834101382,
    85.82949308755761,
    85.25345622119816,
    84.33179723502305,
    82.94930875576037,
    83.06451612903226,
    84.56221198156682,
    85.71428571428571,
    86.29032258064517,
    85.9447004608295,
    87.21198156682027,
    88.36405529953917,
    88.94009216589862,
    88.47926267281106,
    89.40092165898618
  ]
}